[
  {
    "name": "Afghanistan",
    "code": "AF",
    "states": []
  },
  {
    "name": "Albania",
    "code": "AL",
    "states": []
  },
  {
    "name": "Algeria",
    "code": "DZ",
    "states": []
  },
  {
    "name": "Andorra",
    "code": "AD",
    "states": []
  },
  {
    "name": "Angola",
    "code": "AO",
    "states": []
  },
  {
    "name": "Antigua and Barbuda",
    "code": "AG",
    "states": []
  },
  {
    "name": "Argentina",
    "code": "AR",
    "states": []
  },
  {
    "name": "Armenia",
    "code": "AM",
    "states": []
  },
  {
    "name": "Australia",
    "code": "AU",
    "states": []
  },
  {
    "name": "Austria",
    "code": "AT",
    "states": []
  },
  {
    "name": "Azerbaijan",
    "code": "AZ",
    "states": []
  },
  {
    "name": "Bahamas",
    "code": "BS",
    "states": []
  },
  {
    "name": "Bahrain",
    "code": "BH",
    "states": [
      {
        "name": "Capital Governorate",
        "code": "13",
        "cities": [
          "Manama",
          "Muharraq",
          "Riffa",
          "Hamad Town",
          "Isa Town",
          "Sitra",
          "Jidhafs",
          "Budaiya",
          "Zallaq",
          "Tubli"
        ]
      },
      {
        "name": "Muharraq Governorate",
        "code": "15",
        "cities": [
          "Muharraq",
          "Hidd",
          "Arad",
          "Dair",
          "Galali",
          "Samaheej",
          "Busaiteen",
          "Halat Bu Maher",
          "Qalali",
          "Halat Seltah"
        ]
      }
    ]
  },
  {
    "name": "Bangladesh",
    "code": "BD",
    "states": []
  },
  {
    "name": "Barbados",
    "code": "BB",
    "states": []
  },
  {
    "name": "Belarus",
    "code": "BY",
    "states": []
  },
  {
    "name": "Belgium",
    "code": "BE",
    "states": []
  },
  {
    "name": "Belize",
    "code": "BZ",
    "states": []
  },
  {
    "name": "Benin",
    "code": "BJ",
    "states": []
  },
  {
    "name": "Bhutan",
    "code": "BT",
    "states": []
  },
  {
    "name": "Bolivia",
    "code": "BO",
    "states": []
  },
  {
    "name": "Bosnia and Herzegovina",
    "code": "BA",
    "states": []
  },
  {
    "name": "Botswana",
    "code": "BW",
    "states": []
  },
  {
    "name": "Brazil",
    "code": "BR",
    "states": []
  },
  {
    "name": "Brunei",
    "code": "BN",
    "states": []
  },
  {
    "name": "Bulgaria",
    "code": "BG",
    "states": []
  },
  {
    "name": "Burkina Faso",
    "code": "BF",
    "states": []
  },
  {
    "name": "Burundi",
    "code": "BI",
    "states": []
  },
  {
    "name": "Cambodia",
    "code": "KH",
    "states": []
  },
  {
    "name": "Cameroon",
    "code": "CM",
    "states": []
  },
  {
    "name": "Canada",
    "code": "CA",
    "region": "North America",
    "states": [
      {
        "name": "Alberta",
        "code": "AB",
        "cities": [
          "Calgary",
          "Edmonton",
          "Red Deer",
          "Lethbridge",
          "St. Albert",
          "Medicine Hat",
          "Grande Prairie",
          "Airdrie",
          "Spruce Grove",
          "Okotoks",
          "Leduc",
          "Fort McMurray",
          "Lloydminster",
          "Camrose",
          "Wetaskiwin",
          "Cold Lake",
          "Lacombe",
          "Stony Plain",
          "Canmore",
          "Brooks"
        ]
      },
      {
        "name": "British Columbia",
        "code": "BC",
        "cities": [
          "Vancouver",
          "Surrey",
          "Burnaby",
          "Richmond",
          "Abbotsford",
          "Coquitlam",
          "Kelowna",
          "Saanich",
          "Delta",
          "Kamloops",
          "Langley",
          "Burnaby",
          "New Westminster",
          "North Vancouver",
          "Victoria",
          "Maple Ridge",
          "Nanaimo",
          "Chilliwack",
          "Prince George",
          "Vernon"
        ]
      },
      {
        "name": "Manitoba",
        "code": "MB",
        "cities": [
          "Winnipeg",
          "Brandon",
          "Steinbach",
          "Thompson",
          "Portage la Prairie",
          "Winkler",
          "Selkirk",
          "Morden",
          "Dauphin",
          "The Pas",
          "Flin Flon",
          "Swan River",
          "Virden",
          "Altona",
          "Neepawa",
          "Carman",
          "Gimli",
          "Minnedosa",
          "Niverville",
          "Beausejour"
        ]
      },
      {
        "name": "New Brunswick",
        "code": "NB",
        "cities": [
          "Saint John",
          "Moncton",
          "Fredericton",
          "Dieppe",
          "Riverview",
          "Edmundston",
          "Miramichi",
          "Campbellton",
          "Bathurst",
          "Sackville",
          "Caraquet",
          "Sussex",
          "Woodstock",
          "Shediac",
          "Oromocto",
          "Bouctouche",
          "Florenceville-Bristol",
          "Dalhousie",
          "Grand Falls",
          "St. Stephen"
        ]
      },
      {
        "name": "Newfoundland and Labrador",
        "code": "NL",
        "cities": [
          "St. John's",
          "Mount Pearl",
          "Corner Brook",
          "Conception Bay South",
          "Grand Falls-Windsor",
          "Paradise",
          "Happy Valley-Goose Bay",
          "Gander",
          "Labrador City",
          "Stephenville",
          "Torbay",
          "Portugal Cove-St. Philip's",
          "Clarenville",
          "Bay Roberts",
          "Carbonear",
          "Channel-Port aux Basques",
          "Deer Lake",
          "Marystown",
          "Placentia",
          "Bonavista"
        ]
      },
      {
        "name": "Northwest Territories",
        "code": "NT",
        "cities": [
          "Yellowknife",
          "Hay River",
          "Inuvik",
          "Fort Smith",
          "Behchokǫ̀",
          "Iqaluit",
          "Norman Wells",
          "Fort Simpson",
          "Tuktoyaktuk",
          "Aklavik",
          "Fort McPherson",
          "Tsiigehtchic",
          "Fort Good Hope",
          "Tulita",
          "Délı̨nę",
          "Colville Lake",
          "Paulatuk",
          "Sachs Harbour",
          "Ulukhaktok",
          "Gamètì"
        ]
      },
      {
        "name": "Nova Scotia",
        "code": "NS",
        "cities": [
          "Halifax",
          "Cape Breton",
          "Dartmouth",
          "Sydney",
          "Truro",
          "New Glasgow",
          "Glace Bay",
          "Yarmouth",
          "Kentville",
          "Amherst",
          "Bridgewater",
          "Antigonish",
          "Port Hawkesbury",
          "Wolfville",
          "Liverpool",
          "Digby",
          "Oxford",
          "Stellarton",
          "Windsor",
          "Mahone Bay"
        ]
      },
      {
        "name": "Nunavut",
        "code": "NU",
        "cities": [
          "Iqaluit",
          "Rankin Inlet",
          "Arviat",
          "Baker Lake",
          "Cambridge Bay",
          "Igloolik",
          "Pangnirtung",
          "Pond Inlet",
          "Kugluktuk",
          "Cape Dorset",
          "Gjoa Haven",
          "Taloyoak",
          "Clyde River",
          "Coral Harbour",
          "Hall Beach",
          "Repulse Bay",
          "Sanikiluaq",
          "Whale Cove",
          "Chesterfield Inlet",
          "Resolute"
        ]
      },
      {
        "name": "Ontario",
        "code": "ON",
        "cities": [
          "Toronto",
          "Ottawa",
          "Hamilton",
          "London",
          "Kitchener",
          "Windsor",
          "Oshawa",
          "Barrie",
          "Guelph",
          "Kingston",
          "Kanata",
          "Markham",
          "Vaughan",
          "Gatineau",
          "Longueuil",
          "Burnaby",
          "Saskatoon",
          "Laval",
          "Halifax",
          "Victoria"
        ]
      },
      {
        "name": "Prince Edward Island",
        "code": "PE",
        "cities": [
          "Charlottetown",
          "Summerside",
          "Stratford",
          "Cornwall",
          "Montague",
          "Kensington",
          "Souris",
          "Alberton",
          "Georgetown",
          "Tignish",
          "Borden-Carleton",
          "O'Leary",
          "Crapaud",
          "Hunter River",
          "Wellington",
          "Malpeque",
          "Cavendish",
          "North Rustico",
          "Victoria",
          "Brackley"
        ]
      },
      {
        "name": "Quebec",
        "code": "QC",
        "cities": [
          "Montreal",
          "Quebec City",
          "Laval",
          "Gatineau",
          "Longueuil",
          "Sherbrooke",
          "Saguenay",
          "Lévis",
          "Trois-Rivières",
          "Terrebonne",
          "Saint-Jean-sur-Richelieu",
          "Repentigny",
          "Brossard",
          "Drummondville",
          "Saint-Jérôme",
          "Granby",
          "Blainville",
          "Saint-Hyacinthe",
          "Shawinigan",
          "Dollard-des-Ormeaux"
        ]
      },
      {
        "name": "Saskatchewan",
        "code": "SK",
        "cities": [
          "Saskatoon",
          "Regina",
          "Prince Albert",
          "Moose Jaw",
          "Swift Current",
          "Yorkton",
          "North Battleford",
          "Estevan",
          "Weyburn",
          "Lloydminster",
          "Martensville",
          "Warman",
          "Rosetown",
          "Melfort",
          "Humboldt",
          "Kindersley",
          "Tisdale",
          "Meadow Lake",
          "Melville",
          "Battleford"
        ]
      },
      {
        "name": "Yukon",
        "code": "YT",
        "cities": [
          "Whitehorse",
          "Dawson City",
          "Watson Lake",
          "Haines Junction",
          "Mayo",
          "Carmacks",
          "Faro",
          "Ross River",
          "Teslin",
          "Pelly Crossing",
          "Old Crow",
          "Beaver Creek",
          "Destruction Bay",
          "Eagle Plains",
          "Swift River",
          "Stewart Crossing",
          "Champagne",
          "Burwash Landing",
          "Carcross",
          "Tagish"
        ]
      }
    ]
  },
  {
    "name": "Cape Verde",
    "code": "CV",
    "states": []
  },
  {
    "name": "Central African Republic",
    "code": "CF",
    "states": []
  },
  {
    "name": "Chad",
    "code": "TD",
    "states": []
  },
  {
    "name": "Chile",
    "code": "CL",
    "states": []
  },
  {
    "name": "China",
    "code": "CN",
    "states": []
  },
  {
    "name": "Colombia",
    "code": "CO",
    "states": []
  },
  {
    "name": "Comoros",
    "code": "KM",
    "states": []
  },
  {
    "name": "Costa Rica",
    "code": "CR",
    "states": []
  },
  {
    "name": "Croatia",
    "code": "HR",
    "states": []
  },
  {
    "name": "Cuba",
    "code": "CU",
    "states": []
  },
  {
    "name": "Cyprus",
    "code": "CY",
    "states": []
  },
  {
    "name": "Czechia",
    "code": "CZ",
    "states": []
  },
  {
    "name": "Denmark",
    "code": "DK",
    "states": []
  },
  {
    "name": "Djibouti",
    "code": "DJ",
    "states": []
  },
  {
    "name": "Dominica",
    "code": "DM",
    "states": []
  },
  {
    "name": "Dominican Republic",
    "code": "DO",
    "states": []
  },
  {
    "name": "DR Congo",
    "code": "CD",
    "states": []
  },
  {
    "name": "Ecuador",
    "code": "EC",
    "states": []
  },
  {
    "name": "Egypt",
    "code": "EG",
    "states": []
  },
  {
    "name": "El Salvador",
    "code": "SV",
    "states": []
  },
  {
    "name": "Equatorial Guinea",
    "code": "GQ",
    "states": []
  },
  {
    "name": "Eritrea",
    "code": "ER",
    "states": []
  },
  {
    "name": "Estonia",
    "code": "EE",
    "states": []
  },
  {
    "name": "Eswatini",
    "code": "SZ",
    "states": []
  },
  {
    "name": "Ethiopia",
    "code": "ET",
    "states": []
  },
  {
    "name": "Fiji",
    "code": "FJ",
    "states": []
  },
  {
    "name": "Finland",
    "code": "FI",
    "states": []
  },
  {
    "name": "France",
    "code": "FR",
    "states": []
  },
  {
    "name": "Gabon",
    "code": "GA",
    "states": []
  },
  {
    "name": "Gambia",
    "code": "GM",
    "states": []
  },
  {
    "name": "Georgia",
    "code": "GE",
    "states": []
  },
  {
    "name": "Germany",
    "code": "DE",
    "states": []
  },
  {
    "name": "Ghana",
    "code": "GH",
    "states": []
  },
  {
    "name": "Greece",
    "code": "GR",
    "states": []
  },
  {
    "name": "Grenada",
    "code": "GD",
    "states": []
  },
  {
    "name": "Guatemala",
    "code": "GT",
    "states": []
  },
  {
    "name": "Guinea",
    "code": "GN",
    "states": []
  },
  {
    "name": "Guinea-Bissau",
    "code": "GW",
    "states": []
  },
  {
    "name": "Guyana",
    "code": "GY",
    "states": []
  },
  {
    "name": "Haiti",
    "code": "HT",
    "states": []
  },
  {
    "name": "Honduras",
    "code": "HN",
    "states": []
  },
  {
    "name": "Hungary",
    "code": "HU",
    "states": []
  },
  {
    "name": "Iceland",
    "code": "IS",
    "states": []
  },
  {
    "name": "India",
    "code": "IN",
    "states": []
  },
  {
    "name": "Indonesia",
    "code": "ID",
    "states": []
  },
  {
    "name": "Iran",
    "code": "IR",
    "states": [
      {
        "name": "Tehran Province",
        "code": "23",
        "cities": [
          "Tehran",
          "Karaj",
          "Eslamshahr",
          "Ray",
          "Varamin",
          "Shahriar",
          "Robat Karim",
          "Baharestan",
          "Malard",
          "Nazarabad"
        ]
      },
      {
        "name": "Isfahan Province",
        "code": "10",
        "cities": [
          "Isfahan",
          "Kashan",
          "Khomeini Shahr",
          "Najafabad",
          "Shahin Shahr",
          "Mobarakeh",
          "Falavarjan",
          "Lenjan",
          "Borkhar",
          "Ardestan"
        ]
      },
      {
        "name": "Fars Province",
        "code": "14",
        "cities": [
          "Shiraz",
          "Marvdasht",
          "Jahrom",
          "Firouzabad",
          "Larestan",
          "Neyriz",
          "Estahban",
          "Fasa",
          "Darab",
          "Lamerd"
        ]
      }
    ]
  },
  {
    "name": "Iraq",
    "code": "IQ",
    "states": [
      {
        "name": "Baghdad Governorate",
        "code": "BG",
        "cities": [
          "Baghdad",
          "Sadr City",
          "Kadhimiya",
          "Adhamiyah",
          "Karrada",
          "Mansour",
          "Rusafa",
          "Karkh",
          "New Baghdad",
          "Huriya"
        ]
      },
      {
        "name": "Basra Governorate",
        "code": "BA",
        "cities": [
          "Basra",
          "Az Zubayr",
          "Abu Al Khaseeb",
          "Al Qurna",
          "Al Midaina",
          "Shatt Al Arab",
          "Al Faw",
          "Tanuma",
          "Safwan",
          "Umm Qasr"
        ]
      },
      {
        "name": "Erbil Governorate",
        "code": "AR",
        "cities": [
          "Erbil",
          "Shaqlawa",
          "Koya",
          "Makhmur",
          "Mergasur",
          "Soran",
          "Choman",
          "Rawanduz",
          "Rania",
          "Salahuddin"
        ]
      }
    ]
  },
  {
    "name": "Ireland",
    "code": "IE",
    "states": []
  },
  {
    "name": "Israel",
    "code": "IL",
    "states": []
  },
  {
    "name": "Italy",
    "code": "IT",
    "states": []
  },
  {
    "name": "Ivory Coast",
    "code": "CI",
    "states": []
  },
  {
    "name": "Jamaica",
    "code": "JM",
    "states": []
  },
  {
    "name": "Japan",
    "code": "JP",
    "states": []
  },
  {
    "name": "Jordan",
    "code": "JO",
    "states": [
      {
        "name": "Amman Governorate",
        "code": "AM",
        "cities": [
          "Amman",
          "Zarqa",
          "Russeifa",
          "Qweismeh",
          "Wadi As-Seir",
          "Tilal Ali",
          "Marj Al Hamam",
          "Naour",
          "Muqabalain",
          "Um Qsair"
        ]
      },
      {
        "name": "Irbid Governorate",
        "code": "IR",
        "cities": [
          "Irbid",
          "Ramtha",
          "Ajloun",
          "Mafraq",
          "Bani Kinanah",
          "Koura",
          "Jerash",
          "Taybeh",
          "Al Sarih",
          "Sama Al Rousan"
        ]
      },
      {
        "name": "Zarqa Governorate",
        "code": "AZ",
        "cities": [
          "Zarqa",
          "Russeifa",
          "Hashemite University",
          "Dulayl",
          "Azraq",
          "Hallabat",
          "Dhuleil",
          "Mafraq",
          "Safawi",
          "Al Ruwaished"
        ]
      }
    ]
  },
  {
    "name": "Kazakhstan",
    "code": "KZ",
    "states": []
  },
  {
    "name": "Kenya",
    "code": "KE",
    "states": []
  },
  {
    "name": "Kiribati",
    "code": "KI",
    "states": []
  },
  {
    "name": "Kosovo",
    "code": "XK",
    "states": []
  },
  {
    "name": "Kuwait",
    "code": "KW",
    "states": [
      {
        "name": "Al Asimah",
        "code": "KU",
        "cities": [
          "Kuwait City",
          "Salmiya",
          "Hawalli",
          "Farwaniya",
          "Jahra",
          "Ahmadi",
          "Fahaheel",
          "Mangaf",
          "Fintas",
          "Mahboula"
        ]
      },
      {
        "name": "Hawalli",
        "code": "HA",
        "cities": [
          "Hawalli",
          "Salmiya",
          "Rumaithiya",
          "Bayan",
          "Mishref",
          "Salwa",
          "Jabriya",
          "Surra",
          "Shaab",
          "Maidan Hawalli"
        ]
      }
    ]
  },
  {
    "name": "Kyrgyzstan",
    "code": "KG",
    "states": []
  },
  {
    "name": "Laos",
    "code": "LA",
    "states": []
  },
  {
    "name": "Latvia",
    "code": "LV",
    "states": []
  },
  {
    "name": "Lebanon",
    "code": "LB",
    "states": [
      {
        "name": "Beirut Governorate",
        "code": "BA",
        "cities": [
          "Beirut",
          "Ras Beirut",
          "Achrafieh",
          "Hamra",
          "Verdun",
          "Ain Mreisseh",
          "Mazraa",
          "Mousseitbeh",
          "Saifi",
          "Medawar"
        ]
      },
      {
        "name": "Mount Lebanon Governorate",
        "code": "JL",
        "cities": [
          "Jounieh",
          "Byblos",
          "Baabda",
          "Aley",
          "Metn",
          "Keserwan",
          "Chouf",
          "Bikfaya",
          "Broummana",
          "Antelias"
        ]
      },
      {
        "name": "North Governorate",
        "code": "AS",
        "cities": [
          "Tripoli",
          "Zgharta",
          "Batroun",
          "Bsharri",
          "Koura",
          "Miniyeh-Danniyeh",
          "Akkar",
          "Halba",
          "Qoubaiyat",
          "Chekka"
        ]
      }
    ]
  },
  {
    "name": "Lesotho",
    "code": "LS",
    "states": []
  },
  {
    "name": "Liberia",
    "code": "LR",
    "states": []
  },
  {
    "name": "Libya",
    "code": "LY",
    "states": []
  },
  {
    "name": "Liechtenstein",
    "code": "LI",
    "states": []
  },
  {
    "name": "Lithuania",
    "code": "LT",
    "states": []
  },
  {
    "name": "Luxembourg",
    "code": "LU",
    "states": []
  },
  {
    "name": "Madagascar",
    "code": "MG",
    "states": []
  },
  {
    "name": "Malawi",
    "code": "MW",
    "states": []
  },
  {
    "name": "Malaysia",
    "code": "MY",
    "states": []
  },
  {
    "name": "Maldives",
    "code": "MV",
    "states": []
  },
  {
    "name": "Mali",
    "code": "ML",
    "states": []
  },
  {
    "name": "Malta",
    "code": "MT",
    "states": []
  },
  {
    "name": "Marshall Islands",
    "code": "MH",
    "states": []
  },
  {
    "name": "Mauritania",
    "code": "MR",
    "states": []
  },
  {
    "name": "Mauritius",
    "code": "MU",
    "states": []
  },
  {
    "name": "Mexico",
    "code": "MX",
    "region": "North America",
    "states": [
      {
        "name": "Aguascalientes",
        "code": "AGU",
        "cities": [
          "Aguascalientes",
          "Calvillo",
          "Jesús María",
          "Pabellón de Arteaga",
          "Rincón de Romos",
          "San José de Gracia",
          "Tepezalá",
          "Cosío",
          "El Llano",
          "San Francisco de los Romo",
          "Asientos"
        ]
      },
      {
        "name": "Baja California",
        "code": "BCN",
        "cities": [
          "Tijuana",
          "Mexicali",
          "Ensenada",
          "Tecate",
          "Playas de Rosarito",
          "San Felipe",
          "Vicente Guerrero",
          "Guadalupe Victoria",
          "La Rumorosa",
          "Puerto Nuevo",
          "Bahía de los Ángeles"
        ]
      },
      {
        "name": "Baja California Sur",
        "code": "BCS",
        "cities": [
          "La Paz",
          "Los Cabos",
          "Loreto",
          "Mulegé",
          "Comondú",
          "Santa Rosalía",
          "Ciudad Constitución",
          "San José del Cabo",
          "Cabo San Lucas",
          "Todos Santos",
          "Guerrero Negro"
        ]
      },
      {
        "name": "Campeche",
        "code": "CAM",
        "cities": [
          "Campeche",
          "Ciudad del Carmen",
          "Champotón",
          "Escárcega",
          "Calkiní",
          "Hecelchakán",
          "Hopelchén",
          "Palizada",
          "Tenabo",
          "Calakmul",
          "Candelaria"
        ]
      },
      {
        "name": "Chiapas",
        "code": "CHP",
        "cities": [
          "Tuxtla Gutiérrez",
          "San Cristóbal de las Casas",
          "Tapachula",
          "Palenque",
          "Comitán",
          "Ocosingo",
          "Tonalá",
          "Arriaga",
          "Villaflores",
          "Las Margaritas",
          "Pichucalco"
        ]
      }
    ]
  },
  {
    "name": "Micronesia",
    "code": "FM",
    "states": []
  },
  {
    "name": "Moldova",
    "code": "MD",
    "states": []
  },
  {
    "name": "Monaco",
    "code": "MC",
    "states": []
  },
  {
    "name": "Mongolia",
    "code": "MN",
    "states": []
  },
  {
    "name": "Montenegro",
    "code": "ME",
    "states": []
  },
  {
    "name": "Morocco",
    "code": "MA",
    "states": []
  },
  {
    "name": "Mozambique",
    "code": "MZ",
    "states": []
  },
  {
    "name": "Myanmar",
    "code": "MM",
    "states": []
  },
  {
    "name": "Namibia",
    "code": "NA",
    "states": []
  },
  {
    "name": "Nauru",
    "code": "NR",
    "states": []
  },
  {
    "name": "Nepal",
    "code": "NP",
    "states": []
  },
  {
    "name": "Netherlands",
    "code": "NL",
    "states": []
  },
  {
    "name": "New Zealand",
    "code": "NZ",
    "states": []
  },
  {
    "name": "Nicaragua",
    "code": "NI",
    "states": []
  },
  {
    "name": "Niger",
    "code": "NE",
    "states": []
  },
  {
    "name": "Nigeria",
    "code": "NG",
    "states": []
  },
  {
    "name": "North Korea",
    "code": "KP",
    "states": []
  },
  {
    "name": "North Macedonia",
    "code": "MK",
    "states": []
  },
  {
    "name": "Norway",
    "code": "NO",
    "states": []
  },
  {
    "name": "Oman",
    "code": "OM",
    "states": [
      {
        "name": "Muscat Governorate",
        "code": "MA",
        "cities": [
          "Muscat",
          "Seeb",
          "Mutrah",
          "Bawshar",
          "Al Amerat",
          "Quriyat",
          "Ruwi",
          "Shatti Al Qurum",
          "Al Khuwair",
          "Al Ghubra"
        ]
      },
      {
        "name": "Dhofar Governorate",
        "code": "ZU",
        "cities": [
          "Salalah",
          "Mirbat",
          "Taqah",
          "Sadah",
          "Raysut",
          "Thumrait",
          "Masirah",
          "Duqm",
          "Haima",
          "Mahout"
        ]
      },
      {
        "name": "Al Batinah North Governorate",
        "code": "BS",
        "cities": [
          "Sohar",
          "Shinas",
          "Liwa",
          "Saham",
          "Al Khaburah",
          "As Suwiq",
          "Nakhal",
          "Wadi Al Maawil",
          "Al Awabi",
          "Ar Rustaq"
        ]
      }
    ]
  },
  {
    "name": "Pakistan",
    "code": "PK",
    "states": []
  },
  {
    "name": "Palau",
    "code": "PW",
    "states": []
  },
  {
    "name": "Panama",
    "code": "PA",
    "states": []
  },
  {
    "name": "Papua New Guinea",
    "code": "PG",
    "states": []
  },
  {
    "name": "Paraguay",
    "code": "PY",
    "states": []
  },
  {
    "name": "Peru",
    "code": "PE",
    "states": []
  },
  {
    "name": "Philippines",
    "code": "PH",
    "states": []
  },
  {
    "name": "Poland",
    "code": "PL",
    "states": []
  },
  {
    "name": "Portugal",
    "code": "PT",
    "states": []
  },
  {
    "name": "Qatar",
    "code": "QA",
    "states": [
      {
        "name": "Doha",
        "code": "DA",
        "cities": [
          "Doha",
          "West Bay",
          "The Pearl",
          "Lusail",
          "Al Sadd",
          "Al Rayyan",
          "Al Wakra",
          "Al Khor",
          "Dukhan",
          "Mesaieed"
        ]
      },
      {
        "name": "Al Rayyan",
        "code": "RA",
        "cities": [
          "Al Rayyan",
          "Education City",
          "Al Wajbah",
          "Abu Hamour",
          "Ain Khaled",
          "Al Gharafa",
          "Al Aziziyah",
          "Um Salal",
          "Al Shamal",
          "Al Kharrara"
        ]
      }
    ]
  },
  {
    "name": "Republic of the Congo",
    "code": "CG",
    "states": []
  },
  {
    "name": "Romania",
    "code": "RO",
    "states": []
  },
  {
    "name": "Russia",
    "code": "RU",
    "states": []
  },
  {
    "name": "Rwanda",
    "code": "RW",
    "states": []
  },
  {
    "name": "Saint Kitts and Nevis",
    "code": "KN",
    "states": []
  },
  {
    "name": "Saint Lucia",
    "code": "LC",
    "states": []
  },
  {
    "name": "Saint Vincent and the Grenadines",
    "code": "VC",
    "states": []
  },
  {
    "name": "Samoa",
    "code": "WS",
    "states": []
  },
  {
    "name": "San Marino",
    "code": "SM",
    "states": []
  },
  {
    "name": "São Tomé and Príncipe",
    "code": "ST",
    "states": []
  },
  {
    "name": "Saudi Arabia",
    "code": "SA",
    "states": [
      {
        "name": "Riyadh Province",
        "code": "01",
        "cities": [
          "Riyadh",
          "King Khalid International Airport",
          "Olaya",
          "Al Malaz",
          "Diplomatic Quarter",
          "King Fahd District",
          "Al Nakheel",
          "Al Wurud",
          "Hittin",
          "Al Andalus"
        ]
      },
      {
        "name": "Makkah Province",
        "code": "02",
        "cities": [
          "Mecca",
          "Jeddah",
          "Medina",
          "Taif",
          "Yanbu",
          "Rabigh",
          "Al Jumum",
          "Khulais",
          "Bahra",
          "Thuwal"
        ]
      },
      {
        "name": "Eastern Province",
        "code": "04",
        "cities": [
          "Dammam",
          "Dhahran",
          "Khobar",
          "Jubail",
          "Hofuf",
          "Qatif",
          "Ras Tanura",
          "Safwa",
          "Saihat",
          "Tarout"
        ]
      },
      {
        "name": "Asir Province",
        "code": "14",
        "cities": [
          "Abha",
          "Khamis Mushait",
          "Najran",
          "Bisha",
          "Muhayil",
          "Sarat Abidah",
          "Ahad Rafidah",
          "Tanomah",
          "Balqarn",
          "Tathlith"
        ]
      }
    ]
  },
  {
    "name": "Senegal",
    "code": "SN",
    "states": []
  },
  {
    "name": "Serbia",
    "code": "RS",
    "states": []
  },
  {
    "name": "Seychelles",
    "code": "SC",
    "states": []
  },
  {
    "name": "Sierra Leone",
    "code": "SL",
    "states": []
  },
  {
    "name": "Singapore",
    "code": "SG",
    "states": []
  },
  {
    "name": "Slovakia",
    "code": "SK",
    "states": []
  },
  {
    "name": "Slovenia",
    "code": "SI",
    "states": []
  },
  {
    "name": "Solomon Islands",
    "code": "SB",
    "states": []
  },
  {
    "name": "Somalia",
    "code": "SO",
    "states": []
  },
  {
    "name": "South Africa",
    "code": "ZA",
    "states": []
  },
  {
    "name": "South Korea",
    "code": "KR",
    "states": []
  },
  {
    "name": "South Sudan",
    "code": "SS",
    "states": []
  },
  {
    "name": "Spain",
    "code": "ES",
    "states": []
  },
  {
    "name": "Sri Lanka",
    "code": "LK",
    "states": []
  },
  {
    "name": "Sudan",
    "code": "SD",
    "states": []
  },
  {
    "name": "Suriname",
    "code": "SR",
    "states": []
  },
  {
    "name": "Sweden",
    "code": "SE",
    "states": []
  },
  {
    "name": "Switzerland",
    "code": "CH",
    "states": []
  },
  {
    "name": "Syria",
    "code": "SY",
    "states": []
  },
  {
    "name": "Tajikistan",
    "code": "TJ",
    "states": []
  },
  {
    "name": "Tanzania",
    "code": "TZ",
    "states": []
  },
  {
    "name": "Thailand",
    "code": "TH",
    "states": []
  },
  {
    "name": "Timor-Leste",
    "code": "TL",
    "states": []
  },
  {
    "name": "Togo",
    "code": "TG",
    "states": []
  },
  {
    "name": "Tonga",
    "code": "TO",
    "states": []
  },
  {
    "name": "Trinidad and Tobago",
    "code": "TT",
    "states": []
  },
  {
    "name": "Tunisia",
    "code": "TN",
    "states": []
  },
  {
    "name": "Turkey",
    "code": "TR",
    "states": []
  },
  {
    "name": "Turkmenistan",
    "code": "TM",
    "states": []
  },
  {
    "name": "Tuvalu",
    "code": "TV",
    "states": []
  },
  {
    "name": "Uganda",
    "code": "UG",
    "states": []
  },
  {
    "name": "Ukraine",
    "code": "UA",
    "states": []
  },
  {
    "name": "United Arab Emirates",
    "code": "AE",
    "states": [
      {
        "name": "Dubai",
        "code": "DU",
        "cities": [
          "Dubai",
          "Deira",
          "Bur Dubai",
          "Jumeirah",
          "Dubai Marina",
          "Downtown Dubai",
          "Business Bay",
          "Al Barsha",
          "Karama",
          "Satwa"
        ]
      },
      {
        "name": "Abu Dhabi",
        "code": "AZ",
        "cities": [
          "Abu Dhabi",
          "Al Ain",
          "Zayed City",
          "Khalifa City",
          "Ruwais",
          "Liwa",
          "Madinat Zayed",
          "Ghayathi",
          "Mirfa",
          "Sila"
        ]
      },
      {
        "name": "Sharjah",
        "code": "SH",
        "cities": [
          "Sharjah",
          "Khor Fakkan",
          "Kalba",
          "Dibba Al-Hisn",
          "Mleiha",
          "Al Dhaid",
          "Al Madam",
          "Al Hamriyah",
          "Muwailih",
          "Al Qasimia"
        ]
      },
      {
        "name": "Ajman",
        "code": "AJ",
        "cities": [
          "Ajman",
          "Masfout",
          "Manama",
          "Al Jurf",
          "Al Rawda",
          "Al Rashidiya",
          "Al Tallah",
          "Al Hamidiyah",
          "Al Bustan",
          "Al Jerf"
        ]
      }
    ]
  },
  {
    "name": "United Kingdom",
    "code": "GB",
    "states": []
  },
  {
    "name": "United States",
    "code": "US",
    "region": "North America",
    "states": [
      {
        "name": "Alabama",
        "code": "AL",
        "cities": [
          "Birmingham",
          "Montgomery",
          "Mobile",
          "Huntsville",
          "Tuscaloosa",
          "Hoover",
          "Dothan",
          "Auburn",
          "Decatur",
          "Madison",
          "Florence",
          "Gadsden",
          "Vestavia Hills",
          "Prattville",
          "Phenix City",
          "Homewood",
          "Enterprise",
          "Opelika",
          "Alabaster",
          "Northport"
        ]
      },
      {
        "name": "Alaska",
        "code": "AK",
        "cities": [
          "Anchorage",
          "Fairbanks",
          "Juneau",
          "Sitka",
          "Ketchikan",
          "Wasilla",
          "Kenai",
          "Kodiak",
          "Bethel",
          "Palmer",
          "Homer",
          "Barrow",
          "Unalaska",
          "Soldotna",
          "Valdez",
          "Nome",
          "Kotzebue",
          "Seward",
          "Dillingham",
          "Wrangell"
        ]
      },
      {
        "name": "Arizona",
        "code": "AZ",
        "cities": [
          "Phoenix",
          "Tucson",
          "Mesa",
          "Chandler",
          "Scottsdale",
          "Glendale",
          "Gilbert",
          "Tempe",
          "Peoria",
          "Surprise",
          "Yuma",
          "Avondale",
          "Flagstaff",
          "Goodyear",
          "Lake Havasu City",
          "Buckeye",
          "Casa Grande",
          "Sierra Vista",
          "Maricopa",
          "Oro Valley"
        ]
      },
      {
        "name": "Arkansas",
        "code": "AR",
        "cities": [
          "Little Rock",
          "Fort Smith",
          "Fayetteville",
          "Springdale",
          "Jonesboro",
          "North Little Rock",
          "Conway",
          "Rogers",
          "Pine Bluff",
          "Bentonville",
          "Hot Springs",
          "Benton",
          "Sherwood",
          "Paragould",
          "Cabot",
          "Searcy",
          "Van Buren",
          "El Dorado",
          "Texarkana",
          "West Memphis"
        ]
      },
      {
        "name": "California",
        "code": "CA",
        "cities": [
          "Los Angeles",
          "San Diego",
          "San Jose",
          "San Francisco",
          "Fresno",
          "Sacramento",
          "Long Beach",
          "Oakland",
          "Bakersfield",
          "Anaheim",
          "Santa Ana",
          "Riverside",
          "Stockton",
          "Irvine",
          "Chula Vista",
          "Fremont",
          "San Bernardino",
          "Modesto",
          "Fontana",
          "Oxnard"
        ]
      },
      {
        "name": "Colorado",
        "code": "CO",
        "cities": [
          "Denver",
          "Colorado Springs",
          "Aurora",
          "Fort Collins",
          "Lakewood",
          "Thornton",
          "Arvada",
          "Westminster",
          "Pueblo",
          "Centennial",
          "Boulder",
          "Greeley",
          "Longmont",
          "Loveland",
          "Grand Junction",
          "Broomfield",
          "Castle Rock",
          "Commerce City",
          "Parker",
          "Littleton"
        ]
      },
      {
        "name": "Connecticut",
        "code": "CT",
        "cities": [
          "Bridgeport",
          "New Haven",
          "Hartford",
          "Stamford",
          "Waterbury",
          "Norwalk",
          "Danbury",
          "New Britain",
          "West Hartford",
          "Greenwich",
          "Hamden",
          "Meriden",
          "Bristol",
          "Manchester",
          "West Haven",
          "Milford",
          "Stratford",
          "East Hartford",
          "Middletown",
          "Enfield"
        ]
      },
      {
        "name": "Delaware",
        "code": "DE",
        "cities": [
          "Wilmington",
          "Dover",
          "Newark",
          "Middletown",
          "Bear",
          "Glasgow",
          "Brookside",
          "Hockessin",
          "Smyrna",
          "Claymont",
          "Pike Creek",
          "Milford",
          "Seaford",
          "Georgetown",
          "Elsmere",
          "New Castle",
          "Pike Creek Valley",
          "Edgemoor",
          "North Star",
          "Woodside"
        ]
      },
      {
        "name": "Florida",
        "code": "FL",
        "cities": [
          "Jacksonville",
          "Miami",
          "Tampa",
          "Orlando",
          "St. Petersburg",
          "Hialeah",
          "Tallahassee",
          "Fort Lauderdale",
          "Port St. Lucie",
          "Cape Coral",
          "Pembroke Pines",
          "Hollywood",
          "Miramar",
          "Gainesville",
          "Coral Springs",
          "Miami Gardens",
          "Clearwater",
          "Palm Bay",
          "Pompano Beach",
          "West Palm Beach"
        ]
      },
      {
        "name": "Georgia",
        "code": "GA",
        "cities": [
          "Atlanta",
          "Augusta",
          "Columbus",
          "Macon",
          "Savannah",
          "Athens",
          "Sandy Springs",
          "Roswell",
          "Johns Creek",
          "Albany",
          "Warner Robins",
          "Alpharetta",
          "Marietta",
          "Valdosta",
          "Smyrna",
          "Dunwoody",
          "Rome",
          "East Point",
          "Peachtree Corners",
          "Gainesville"
        ]
      },
      {
        "name": "Hawaii",
        "code": "HI",
        "cities": [
          "Honolulu",
          "East Honolulu",
          "Pearl City",
          "Hilo",
          "Kailua",
          "Waipahu",
          "Kaneohe",
          "Mililani",
          "Kahului",
          "Ewa Gentry",
          "Mililani Town",
          "Schofield Barracks",
          "Wahiawa",
          "Ewa Beach",
          "Royal Kunia",
          "Kapaa",
          "Makakilo",
          "Halawa",
          "Aiea",
          "Hawaiian Paradise Park"
        ]
      },
      {
        "name": "Idaho",
        "code": "ID",
        "cities": [
          "Boise",
          "Meridian",
          "Nampa",
          "Idaho Falls",
          "Pocatello",
          "Caldwell",
          "Coeur d'Alene",
          "Twin Falls",
          "Lewiston",
          "Post Falls",
          "Rexburg",
          "Eagle",
          "Chubbuck",
          "Ammon",
          "Hayden",
          "Mountain Home",
          "Kuna",
          "Moscow",
          "Blackfoot",
          "Star"
        ]
      },
      {
        "name": "Illinois",
        "code": "IL",
        "cities": [
          "Chicago",
          "Aurora",
          "Rockford",
          "Joliet",
          "Naperville",
          "Springfield",
          "Peoria",
          "Elgin",
          "Waukegan",
          "Cicero",
          "Champaign",
          "Bloomington",
          "Arlington Heights",
          "Evanston",
          "Decatur",
          "Schaumburg",
          "Bolingbrook",
          "Palatine",
          "Skokie",
          "Des Plaines"
        ]
      },
      {
        "name": "Indiana",
        "code": "IN",
        "cities": [
          "Indianapolis",
          "Fort Wayne",
          "Evansville",
          "South Bend",
          "Carmel",
          "Fishers",
          "Bloomington",
          "Hammond",
          "Gary",
          "Muncie",
          "Lafayette",
          "Terre Haute",
          "Kokomo",
          "Anderson",
          "Noblesville",
          "Greenwood",
          "Elkhart",
          "Mishawaka",
          "Lawrence",
          "Jeffersonville"
        ]
      },
      {
        "name": "Iowa",
        "code": "IA",
        "cities": [
          "Des Moines",
          "Cedar Rapids",
          "Davenport",
          "Sioux City",
          "Iowa City",
          "Waterloo",
          "Council Bluffs",
          "Ames",
          "West Des Moines",
          "Dubuque",
          "Ankeny",
          "Urbandale",
          "Cedar Falls",
          "Marion",
          "Bettendorf",
          "Mason City",
          "Marshalltown",
          "Clinton",
          "Burlington",
          "Ottumwa"
        ]
      },
      {
        "name": "Kansas",
        "code": "KS",
        "cities": [
          "Wichita",
          "Overland Park",
          "Kansas City",
          "Olathe",
          "Topeka",
          "Lawrence",
          "Shawnee",
          "Manhattan",
          "Lenexa",
          "Salina",
          "Hutchinson",
          "Leavenworth",
          "Leawood",
          "Dodge City",
          "Garden City",
          "Emporia",
          "Derby",
          "Prairie Village",
          "Hays",
          "Liberal"
        ]
      },
      {
        "name": "Kentucky",
        "code": "KY",
        "cities": [
          "Louisville",
          "Lexington",
          "Bowling Green",
          "Owensboro",
          "Covington",
          "Richmond",
          "Georgetown",
          "Florence",
          "Hopkinsville",
          "Nicholasville",
          "Elizabethtown",
          "Henderson",
          "Frankfort",
          "Jeffersontown",
          "Independence",
          "Paducah",
          "Radcliff",
          "Ashland",
          "Murray",
          "Winchester"
        ]
      },
      {
        "name": "Louisiana",
        "code": "LA",
        "cities": [
          "New Orleans",
          "Baton Rouge",
          "Shreveport",
          "Lafayette",
          "Lake Charles",
          "Kenner",
          "Bossier City",
          "Monroe",
          "Alexandria",
          "Houma",
          "Marrero",
          "New Iberia",
          "Laplace",
          "Slidell",
          "Prairieville",
          "Central",
          "Ruston",
          "Sulphur",
          "Hammond",
          "Natchitoches"
        ]
      },
      {
        "name": "Maine",
        "code": "ME",
        "cities": [
          "Portland",
          "Lewiston",
          "Bangor",
          "South Portland",
          "Auburn",
          "Biddeford",
          "Sanford",
          "Saco",
          "Augusta",
          "Westbrook",
          "Waterville",
          "Presque Isle",
          "Gorham",
          "Brewer",
          "Cape Elizabeth",
          "Caribou",
          "Old Town",
          "Orono",
          "Bath",
          "Calais"
        ]
      },
      {
        "name": "Maryland",
        "code": "MD",
        "cities": [
          "Baltimore",
          "Columbia",
          "Germantown",
          "Silver Spring",
          "Waldorf",
          "Glen Burnie",
          "Ellicott City",
          "Frederick",
          "Dundalk",
          "Rockville",
          "Bethesda",
          "Gaithersburg",
          "Wheaton",
          "Aspen Hill",
          "Bowie",
          "Towson",
          "Annapolis",
          "Salisbury",
          "Parkville",
          "Catonsville"
        ]
      },
      {
        "name": "Massachusetts",
        "code": "MA",
        "cities": [
          "Boston",
          "Worcester",
          "Springfield",
          "Cambridge",
          "Lowell",
          "Brockton",
          "Quincy",
          "Lynn",
          "Fall River",
          "Newton",
          "Lawrence",
          "Somerville",
          "Framingham",
          "Haverhill",
          "Waltham",
          "Malden",
          "Brookline",
          "Plymouth",
          "Medford",
          "Taunton"
        ]
      },
      {
        "name": "Michigan",
        "code": "MI",
        "cities": [
          "Detroit",
          "Grand Rapids",
          "Warren",
          "Sterling Heights",
          "Ann Arbor",
          "Lansing",
          "Flint",
          "Dearborn",
          "Livonia",
          "Westland",
          "Troy",
          "Farmington Hills",
          "Kalamazoo",
          "Wyoming",
          "Southfield",
          "Rochester Hills",
          "Taylor",
          "Pontiac",
          "St. Clair Shores",
          "Royal Oak"
        ]
      },
      {
        "name": "Minnesota",
        "code": "MN",
        "cities": [
          "Minneapolis",
          "St. Paul",
          "Rochester",
          "Duluth",
          "Bloomington",
          "Brooklyn Park",
          "Plymouth",
          "St. Cloud",
          "Eagan",
          "Woodbury",
          "Maple Grove",
          "Eden Prairie",
          "Coon Rapids",
          "Burnsville",
          "Blaine",
          "Lakeville",
          "Minnetonka",
          "Apple Valley",
          "Edina",
          "St. Louis Park"
        ]
      },
      {
        "name": "Mississippi",
        "code": "MS",
        "cities": [
          "Jackson",
          "Gulfport",
          "Southaven",
          "Hattiesburg",
          "Biloxi",
          "Meridian",
          "Tupelo",
          "Greenville",
          "Olive Branch",
          "Horn Lake",
          "Clinton",
          "Pearl",
          "Ridgeland",
          "Madison",
          "Starkville",
          "Columbus",
          "Vicksburg",
          "Pascagoula",
          "Ocean Springs",
          "Oxford"
        ]
      },
      {
        "name": "Missouri",
        "code": "MO",
        "cities": [
          "Kansas City",
          "St. Louis",
          "Springfield",
          "Independence",
          "Columbia",
          "Lee's Summit",
          "O'Fallon",
          "St. Joseph",
          "St. Charles",
          "St. Peters",
          "Blue Springs",
          "Florissant",
          "Joplin",
          "Chesterfield",
          "Jefferson City",
          "Cape Girardeau",
          "Oakville",
          "Wildwood",
          "University City",
          "Ballwin"
        ]
      },
      {
        "name": "Montana",
        "code": "MT",
        "cities": [
          "Billings",
          "Missoula",
          "Great Falls",
          "Bozeman",
          "Butte",
          "Helena",
          "Kalispell",
          "Havre",
          "Anaconda",
          "Miles City",
          "Belgrade",
          "Livingston",
          "Laurel",
          "Whitefish",
          "Lewistown",
          "Sidney",
          "Glendive",
          "Hamilton",
          "Columbia Falls",
          "Polson"
        ]
      },
      {
        "name": "Nebraska",
        "code": "NE",
        "cities": [
          "Omaha",
          "Lincoln",
          "Bellevue",
          "Grand Island",
          "Kearney",
          "Fremont",
          "Hastings",
          "Norfolk",
          "North Platte",
          "Papillion",
          "Columbus",
          "La Vista",
          "Scottsbluff",
          "South Sioux City",
          "Beatrice",
          "Chalco",
          "Alliance",
          "Nebraska City",
          "York",
          "McCook"
        ]
      },
      {
        "name": "Nevada",
        "code": "NV",
        "cities": [
          "Las Vegas",
          "Henderson",
          "Reno",
          "North Las Vegas",
          "Sparks",
          "Carson City",
          "Fernley",
          "Elko",
          "Mesquite",
          "Boulder City",
          "Fallon",
          "Winnemucca",
          "West Wendover",
          "Ely",
          "Yerington",
          "Carlin",
          "Lovelock",
          "Wells",
          "Caliente",
          "Eureka"
        ]
      },
      {
        "name": "New Hampshire",
        "code": "NH",
        "cities": [
          "Manchester",
          "Nashua",
          "Concord",
          "Derry",
          "Rochester",
          "Salem",
          "Dover",
          "Merrimack",
          "Londonderry",
          "Hudson",
          "Keene",
          "Bedford",
          "Portsmouth",
          "Goffstown",
          "Laconia",
          "Hampton",
          "Milford",
          "Durham",
          "Exeter",
          "Hooksett"
        ]
      },
      {
        "name": "New Jersey",
        "code": "NJ",
        "cities": [
          "Newark",
          "Jersey City",
          "Paterson",
          "Elizabeth",
          "Edison",
          "Woodbridge",
          "Lakewood",
          "Toms River",
          "Hamilton",
          "Trenton",
          "Clifton",
          "Camden",
          "Brick",
          "East Orange",
          "Bayonne",
          "Lynn",
          "Passaic",
          "Union City",
          "Irvington",
          "Hoboken"
        ]
      },
      {
        "name": "New Mexico",
        "code": "NM",
        "cities": [
          "Albuquerque",
          "Las Cruces",
          "Rio Rancho",
          "Santa Fe",
          "Roswell",
          "Farmington",
          "Clovis",
          "Hobbs",
          "Alamogordo",
          "Carlsbad",
          "Gallup",
          "Deming",
          "Los Alamos",
          "Chaparral",
          "Sunland Park",
          "Las Vegas",
          "Portales",
          "Artesia",
          "Lovington",
          "Silver City"
        ]
      },
      {
        "name": "New York",
        "code": "NY",
        "cities": [
          "New York City",
          "Buffalo",
          "Rochester",
          "Yonkers",
          "Syracuse",
          "Albany",
          "New Rochelle",
          "Mount Vernon",
          "Schenectady",
          "Utica",
          "White Plains",
          "Hempstead",
          "Troy",
          "Niagara Falls",
          "Binghamton",
          "Freeport",
          "Valley Stream",
          "Long Beach",
          "Rome",
          "Watertown"
        ]
      },
      {
        "name": "North Carolina",
        "code": "NC",
        "cities": [
          "Charlotte",
          "Raleigh",
          "Greensboro",
          "Durham",
          "Winston-Salem",
          "Fayetteville",
          "Cary",
          "Wilmington",
          "High Point",
          "Greenville",
          "Asheville",
          "Concord",
          "Gastonia",
          "Jacksonville",
          "Chapel Hill",
          "Rocky Mount",
          "Burlington",
          "Wilson",
          "Huntersville",
          "Kannapolis"
        ]
      },
      {
        "name": "North Dakota",
        "code": "ND",
        "cities": [
          "Fargo",
          "Bismarck",
          "Grand Forks",
          "Minot",
          "West Fargo",
          "Williston",
          "Dickinson",
          "Mandan",
          "Jamestown",
          "Wahpeton",
          "Devils Lake",
          "Valley City",
          "Grafton",
          "Rugby",
          "Watford City",
          "Beulah",
          "Bottineau",
          "Carrington",
          "Lisbon",
          "Oakes"
        ]
      },
      {
        "name": "Ohio",
        "code": "OH",
        "cities": [
          "Columbus",
          "Cleveland",
          "Cincinnati",
          "Toledo",
          "Akron",
          "Dayton",
          "Parma",
          "Canton",
          "Youngstown",
          "Lorain",
          "Hamilton",
          "Springfield",
          "Kettering",
          "Elyria",
          "Lakewood",
          "Cuyahoga Falls",
          "Middletown",
          "Euclid",
          "Newark",
          "Mansfield"
        ]
      },
      {
        "name": "Oklahoma",
        "code": "OK",
        "cities": [
          "Oklahoma City",
          "Tulsa",
          "Norman",
          "Broken Arrow",
          "Lawton",
          "Edmond",
          "Moore",
          "Midwest City",
          "Enid",
          "Stillwater",
          "Muskogee",
          "Bartlesville",
          "Owasso",
          "Shawnee",
          "Ponca City",
          "Ardmore",
          "Duncan",
          "Bixby",
          "McAlester",
          "Tahlequah"
        ]
      },
      {
        "name": "Oregon",
        "code": "OR",
        "cities": [
          "Portland",
          "Eugene",
          "Salem",
          "Gresham",
          "Hillsboro",
          "Bend",
          "Beaverton",
          "Medford",
          "Springfield",
          "Corvallis",
          "Albany",
          "Tigard",
          "Lake Oswego",
          "Keizer",
          "Grants Pass",
          "Oregon City",
          "McMinnville",
          "Redmond",
          "Tualatin",
          "West Linn"
        ]
      },
      {
        "name": "Pennsylvania",
        "code": "PA",
        "cities": [
          "Philadelphia",
          "Pittsburgh",
          "Allentown",
          "Erie",
          "Reading",
          "Scranton",
          "Bethlehem",
          "Lancaster",
          "Harrisburg",
          "Altoona",
          "York",
          "State College",
          "Wilkes-Barre",
          "Chester",
          "Williamsport",
          "Easton",
          "Lebanon",
          "Hazleton",
          "New Castle",
          "Johnstown"
        ]
      },
      {
        "name": "Rhode Island",
        "code": "RI",
        "cities": [
          "Providence",
          "Warwick",
          "Cranston",
          "Pawtucket",
          "East Providence",
          "Woonsocket",
          "Newport",
          "Central Falls",
          "Westerly",
          "North Providence",
          "West Warwick",
          "Cumberland",
          "Coventry",
          "North Kingstown",
          "South Kingstown",
          "Johnston",
          "Valley Falls",
          "Lincoln",
          "Portsmouth",
          "Smithfield"
        ]
      },
      {
        "name": "South Carolina",
        "code": "SC",
        "cities": [
          "Charleston",
          "Columbia",
          "North Charleston",
          "Mount Pleasant",
          "Rock Hill",
          "Greenville",
          "Summerville",
          "Sumter",
          "Goose Creek",
          "Hilton Head Island",
          "Florence",
          "Spartanburg",
          "Anderson",
          "Myrtle Beach",
          "Greer",
          "Greenwood",
          "Aiken",
          "North Augusta",
          "Simpsonville",
          "Hanahan"
        ]
      },
      {
        "name": "South Dakota",
        "code": "SD",
        "cities": [
          "Sioux Falls",
          "Rapid City",
          "Aberdeen",
          "Brookings",
          "Watertown",
          "Mitchell",
          "Yankton",
          "Pierre",
          "Huron",
          "Spearfish",
          "Vermillion",
          "Madison",
          "Milbank",
          "Sturgis",
          "Belle Fourche",
          "Hot Springs",
          "Lead",
          "Winner",
          "Chamberlain",
          "Sisseton"
        ]
      },
      {
        "name": "Tennessee",
        "code": "TN",
        "cities": [
          "Nashville",
          "Memphis",
          "Knoxville",
          "Chattanooga",
          "Clarksville",
          "Murfreesboro",
          "Franklin",
          "Johnson City",
          "Jackson",
          "Bartlett",
          "Hendersonville",
          "Kingsport",
          "Collierville",
          "Smyrna",
          "Cleveland",
          "Brentwood",
          "Germantown",
          "Columbia",
          "Spring Hill",
          "La Vergne"
        ]
      },
      {
        "name": "Texas",
        "code": "TX",
        "cities": [
          "Houston",
          "San Antonio",
          "Dallas",
          "Austin",
          "Fort Worth",
          "El Paso",
          "Arlington",
          "Corpus Christi",
          "Plano",
          "Lubbock",
          "Laredo",
          "Irving",
          "Garland",
          "Frisco",
          "McKinney",
          "Grand Prairie",
          "Amarillo",
          "Brownsville",
          "Pasadena",
          "Mesquite"
        ]
      },
      {
        "name": "Utah",
        "code": "UT",
        "cities": [
          "Salt Lake City",
          "West Valley City",
          "Provo",
          "West Jordan",
          "Orem",
          "Sandy",
          "Ogden",
          "St. George",
          "Layton",
          "Taylorsville",
          "Murray",
          "Lehi",
          "Millcreek",
          "South Jordan",
          "Logan",
          "Draper",
          "Bountiful",
          "Riverton",
          "Roy",
          "Spanish Fork"
        ]
      },
      {
        "name": "Vermont",
        "code": "VT",
        "cities": [
          "Burlington",
          "South Burlington",
          "Rutland",
          "Barre",
          "Montpelier",
          "Winooski",
          "St. Albans",
          "Newport",
          "Vergennes",
          "Brattleboro",
          "Hartford",
          "Middlebury",
          "Essex Junction",
          "Bellows Falls",
          "St. Johnsbury",
          "Lyndonville",
          "White River Junction",
          "Northfield",
          "Brandon",
          "Windsor"
        ]
      },
      {
        "name": "Virginia",
        "code": "VA",
        "cities": [
          "Virginia Beach",
          "Norfolk",
          "Chesapeake",
          "Richmond",
          "Newport News",
          "Alexandria",
          "Hampton",
          "Portsmouth",
          "Suffolk",
          "Roanoke",
          "Lynchburg",
          "Harrisonburg",
          "Leesburg",
          "Charlottesville",
          "Danville",
          "Blacksburg",
          "Manassas",
          "Petersburg",
          "Fredericksburg",
          "Winchester"
        ]
      },
      {
        "name": "Washington",
        "code": "WA",
        "cities": [
          "Seattle",
          "Spokane",
          "Tacoma",
          "Vancouver",
          "Bellevue",
          "Kent",
          "Everett",
          "Renton",
          "Spokane Valley",
          "Federal Way",
          "Yakima",
          "Bellingham",
          "Kennewick",
          "Auburn",
          "Pasco",
          "Marysville",
          "Lakewood",
          "Redmond",
          "Shoreline",
          "Richland"
        ]
      },
      {
        "name": "West Virginia",
        "code": "WV",
        "cities": [
          "Charleston",
          "Huntington",
          "Morgantown",
          "Parkersburg",
          "Wheeling",
          "Martinsburg",
          "Fairmont",
          "Beckley",
          "Clarksburg",
          "Lewisburg",
          "Buckhannon",
          "Hurricane",
          "Bridgeport",
          "Charles Town",
          "South Charleston",
          "St. Albans",
          "Elkins",
          "Oak Hill",
          "Nitro",
          "Keyser"
        ]
      },
      {
        "name": "Wisconsin",
        "code": "WI",
        "cities": [
          "Milwaukee",
          "Madison",
          "Green Bay",
          "Kenosha",
          "Racine",
          "Appleton",
          "Waukesha",
          "Oshkosh",
          "Eau Claire",
          "Janesville",
          "West Allis",
          "La Crosse",
          "Sheboygan",
          "Wauwatosa",
          "Fond du Lac",
          "New Berlin",
          "Wausau",
          "Brookfield",
          "Greenfield",
          "Beloit"
        ]
      },
      {
        "name": "Wyoming",
        "code": "WY",
        "cities": [
          "Cheyenne",
          "Casper",
          "Laramie",
          "Gillette",
          "Rock Springs",
          "Sheridan",
          "Green River",
          "Evanston",
          "Riverton",
          "Jackson",
          "Cody",
          "Rawlins",
          "Lander",
          "Torrington",
          "Powell",
          "Douglas",
          "Worland",
          "Buffalo",
          "Newcastle",
          "Thermopolis"
        ]
      }
    ]
  },
  {
    "name": "Uruguay",
    "code": "UY",
    "states": []
  },
  {
    "name": "Uzbekistan",
    "code": "UZ",
    "states": []
  },
  {
    "name": "Vanuatu",
    "code": "VU",
    "states": []
  },
  {
    "name": "Vatican City",
    "code": "VA",
    "states": []
  },
  {
    "name": "Venezuela",
    "code": "VE",
    "states": []
  },
  {
    "name": "Vietnam",
    "code": "VN",
    "states": []
  },
  {
    "name": "Yemen",
    "code": "YE",
    "states": []
  },
  {
    "name": "Zambia",
    "code": "ZM",
    "states": []
  },
  {
    "name": "Zimbabwe",
    "code": "ZW",
    "states": []
  }
]